<application>
  <component name="DiscordApplicationSettings">
    <option name="show" value="false" />
    <option name="idle" value="IDLE" />
    <option name="applicationDetails" value="CUSTOM" />
    <option name="applicationDetailsCustom" value="Welcome to my profile!" />
    <option name="applicationState" value="CUSTOM" />
    <option name="applicationStateCustom" value="Why are you here? ¯\_(ツ)_/¯" />
    <option name="applicationIconLargeTextCustom" value="" />
    <option name="applicationIconSmallTextCustom" value="" />
    <option name="applicationTime" value="APPLICATION" />
    <option name="projectDetailsCustom" value="" />
    <option name="projectStateCustom" value="" />
    <option name="projectIconLargeTextCustom" value="" />
    <option name="projectIconSmallTextCustom" value="" />
    <option name="projectTime" value="APPLICATION" />
    <option name="fileDetailsCustom" value="" />
    <option name="fileStateCustom" value="" />
    <option name="fileIconLargeTextCustom" value="" />
    <option name="fileIconSmallTextCustom" value="" />
    <option name="fileTime" value="APPLICATION" />
    <option name="filePrefixEnabled" value="true" />
    <option name="fileHideVcsIgnored" value="false" />
    <option name="applicationType" value="IDE_EDITION" />
    <option name="theme" value="material" />
    <option name="applicationLastUpdateNotification" value="1.9.0" />
  </component>
</application>